Isin,Mkt,Codice,Bloomberg Code,VOLUME_AVG_30D
FBTP201909,Eurex,,IKU9 Comdty,???
FBTP201912,Eurex,,IKZ9 Comdty,???
FBTS201906,Eurex,,BTSM9 Comdty,???
FBTS201909,Eurex,,BTSU9 Comdty,???
FBTS201912,Eurex,,BTSZ9 Comdty,???
FDAX201912,Eurex,,GXZ9 Comdty,???
FDXM201912,Eurex,,DFWZ9 Comdty,???
FESB201906,Eurex,,CAM9 Comdty,???
FGBL201912,Eurex,,RXZ9 Comdty,???
FGBM201903,Eurex,,OEH9 Comdty,???
FGBM201906,Eurex,,OEM9 Comdty,???
FGBM201909,Eurex,,OEU9 Comdty,???
FGBM201912,Eurex,,OEZ9 Comdty,???
FGBS201909,Eurex,,DUU9 Comdty,???
FGBS201912,Eurex,,DUZ9 Comdty,???
FGBX201906,Eurex,,UBM9 Comdty,???
FGBX201909,Eurex,,UBU9 Comdty,???
FGBX201912,Eurex,,UBZ9 Comdty,???
FOAT201909,Eurex,,OATU9 Comdty,???
FOAT201912,Eurex,,OATZ9 Comdty,???
IT0000366655,MOT,,GG717874@CBBT Corp,???
IT0001086567,MOT,,GG730271@CBBT Corp,???
IT0001174611,MOT,,GG736613@CBBT Corp,???
IT0001278511,MOT,,EC065947@CBBT Corp,???
IT0001444378,MOT,,EC237370@CBBT Corp,???
IT0003256820,MOT,,EC534684@CBBT Corp,???
IT0003493258,MOT,,ED025555@BGN  Corp,???
IT0003535157,MOT,,ED154470@CBBT Corp,???
IT0003644769,MOT,,ED382316@CBBT Corp,???
IT0003934657,MOT,,EF130795@CBBT Corp,???
IT0004009673,MOT,,EF259738@CBBT Corp,???
IT0004286966,MOT,,EG939837@CBBT Corp,???
IT0004356843,MOT,,EH305692@CBBT Corp,???
IT0004361041,MOT,,EH326554@BGN  Corp,???
IT0004423957,MOT,,EH603832@CBBT Corp,???
IT0004489610,MOT,,EH802597@CBBT Corp,???
IT0004513641,MOT,,EH896068@CBBT Corp,???
IT0004532559,MOT,,EH969116@CBBT Corp,???
IT0004536949,MOT,,EH986306@CBBT Corp,???
IT0004594930,MOT,,EI201806@CBBT Corp,???
IT0004634132,MOT,,EI385633@CBBT Corp,???
IT0004644735,MOT,,EI415319@CBBT Corp,???
IT0004695075,MOT,,EI586386@CBBT Corp,???
IT0004759673,MOT,,EI793398@CBBT Corp,???
IT0004801541,MOT,,EJ042056@CBBT Corp,???
IT0004848831,MOT,,EJ341690@CBBT Corp,???
IT0004889033,MOT,,EJ514272@CBBT Corp,???
IT0004898034,MOT,,EJ568862@CBBT Corp,???
IT0004922909,MOT,,EJ671485@BGN  Corp,???
IT0004923998,MOT,,EJ679466@CBBT Corp,???
IT0004953417,MOT,,EJ770441@CBBT Corp,???
IT0004957574,MOT,,EJ807144@BGN  Corp,???
IT0004966401,MOT,,EJ873702@CBBT Corp,???
IT0004992308,MOT,,EK048427@CBBT Corp,???
IT0005001547,MOT,,EK093352@CBBT Corp,???
IT0005009839,MOT,,EK147627@CBBT Corp,???
IT0005024234,MOT,,EK274354@CBBT Corp,???
IT0005028003,MOT,,EK324067@CBBT Corp,???
IT0005030504,MOT,,EK352661@CBBT Corp,???
IT0005045270,MOT,,EK457296@CBBT Corp,???
IT0005056541,MOT,,EK515042@CBBT Corp,???
IT0005069395,MOT,,EK624270@CBBT Corp,???
IT0005083057,MOT,,EK699416@CBBT Corp,???
IT0005086886,MOT,,EK745781@CBBT Corp,???
IT0005090318,MOT,,EK769119@CBBT Corp,???
IT0005094088,MOT,,EK808607@CBBT Corp,???
IT0005104473,MOT,,EK828355@CBBT Corp,???
IT0005107708,MOT,,EK881915@CBBT Corp,???
IT0005127086,MOT,,UV656956@CBBT Corp,???
IT0005135840,MOT,,UV826532@CBBT Corp,???
IT0005137614,MOT,,UV993359@CBBT Corp,???
IT0005139099,MOT,,QJ080376@BGN  Corp,???
IT0005142143,MOT,,QJ398197@CBBT Corp,???
IT0005162828,MOT,,JV910526@CBBT Corp,???
IT0005170839,MOT,,JK234401@CBBT Corp,???
IT0005172322,MOT,,JK394212@CBBT Corp,???
IT0005175598,MOT,,JK584882@CBBT Corp,???
IT0005177271,MOT,,JK757528@CBBT Corp,???
IT0005177909,MOT,,JK840318@CBBT Corp,???
IT0005185456,MOT,,JK903414@CBBT Corp,???
IT0005210650,MOT,,QZ016755@CBBT Corp,???
IT0005215246,MOT,,QZ510774@CBBT Corp,???
IT0005216491,MOT,,QZ693949@CBBT Corp,???
IT0005217390,MOT,,QZ766515@CBBT Corp,???
IT0005217929,MOT,,QZ853646@CBBT Corp,???
IT0005218968,MOT,,AL011192@CBBT Corp,???
IT0005221285,MOT,,AL400731@BGN  Corp,???
IT0005240350,MOT,,AM201615@CBBT Corp,???
IT0005240830,MOT,,AM293682@CBBT Corp,???
IT0005244782,MOT,,AM628616@CBBT Corp,???
IT0005246340,MOT,,AM796312@CBBT Corp,???
IT0005250946,MOT,,AN204951@CBBT Corp,???
IT0005252520,MOT,,AN317190@CBBT Corp,???
IT0005256471,MOT,,AN733361@CBBT Corp,???
IT0005260010,MOT,,AN825221@BGN  Corp,???
IT0005273013,MOT,,AN868354@CBBT Corp,???
IT0005274805,MOT,,AO147957@CBBT Corp,???
IT0005274987,MOT,,AO199284@BGN  Corp,???
IT0005277444,MOT,,AO513570@CBBT Corp,???
IT0005278327,MOT,,AO588772@BGN  Corp,???
IT0005281933,MOT,,AP011188@BGN  Corp,???
IT0005282527,MOT,,AP093098@CBBT Corp,???
IT0005284044,MOT,,AP383655@BGN  Corp,???
IT0005285041,MOT,,AP508759@CBBT Corp,???
IT0005289274,MOT,,AP703781@CBBT Corp,???
IT0005311508,MOT,,AP741704@CBBT Corp,???
IT0005311847,MOT,,AP860262@BGN  Corp,???
IT0005317331,MOT,,AQ272647@BGN  Corp,???
IT0005317349,MOT,,AQ272649@BGN  Corp,???
IT0005320178,MOT,,AQ584625@BGN  Corp,???
IT0005320186,MOT,,AQ584626@BGN  Corp,???
IT0005321325,MOT,,AQ706282@CBBT Corp,???
IT0005323032,MOT,,AQ935391@CBBT Corp,???
IT0005325946,MOT,,AR461831@CBBT Corp,???
IT0005327306,MOT,,AR689537@CBBT Corp,???
IT0005331878,MOT,,AS358937@CBBT Corp,???
IT0005340929,MOT,,AT758770@CBBT Corp,???
IT0005345183,MOT,,AU474747@CBBT Corp,???
IT0005348443,MOT,,AU896732@CBBT Corp,???
LU1489399342,SDX,SMIBL3,QZ960000@EXCH Corp,???
LU1489400454,SDX,SL5MIB,QZ960002@EXCH Corp,???
LU1489400538,SDX,SS5MIB,QZ960003@EXCH Corp,???
LU1575698995,SDX,SGASL7,AW877394@EXCH Corp,???
NL0012666390,SDX,PA6390,AD051668@EXCH Corp,???
XS1265958246,SDX,SSULE7,UV812161@EXCH Corp,???
IT0003497168,MTA,TIT,TIT IM Equity,"134,077,200.00"
IT0000072618,MTA,ISP,ISP IM Equity,"122,278,600.00"
IT0005218380,MTA,BAMI,BAMI IM Equity,"31,628,170.00"
IE00B8VC8061,ETF,3NGL,3NGL IM Equity,"30,403,690.00"
IT0003128367,MTA,ENEL,ENEL IM Equity,"28,546,110.00"
IT0005319444,MTA,CVAL,CVAL IM Equity,"26,311,720.00"
IT0000336518,MTA,JUVE,JUVE IM Equity,"25,281,570.00"
IT0005239360,MTA,UCG,UCG IM Equity,"17,795,480.00"
IE00B7ZQC614,ETF,3OIL,3OIL IM Equity,"14,235,030.00"
DE000VN9AAR2,SDX,FMIB7S,LW351163@SEDX Corp,"12,712,211.00"
IT0003487029,MTA,UBI,UBI IM Equity,"11,052,320.00"
IT0003132476,MTA,ENI,ENI IM Equity,"10,287,800.00"
IT0003153415,MTA,SRG,SRG IM Equity,"9,249,781.00"
NL0010877643,MTA,FCA,FCA IM Equity,"9,240,930.00"
IT0005252140,MTA,SPM,SPM IM Equity,"9,112,965.00"
IT0001233417,MTA,A2A,A2A IM Equity,"8,191,285.00"
GB00B15KY104,ETF,NGAS,NGAS IM Equity,"6,867,811.00"
IT0004827447,MTA,US,US IM Equity,"6,114,222.00"
IT0003242622,MTA,TRN,TRN IM Equity,"5,789,925.00"
IT0000062072,MTA,G,G IM Equity,"5,738,159.00"
IT0000066123,MTA,BPE,BPE IM Equity,"5,498,771.00"
IT0001415246,MTA,FCT,FCT IM Equity,"5,173,674.00"
NL0000226223,MTA,STM,STM IM Equity,"4,995,277.00"
IT0004810054,MTA,UNI,UNI IM Equity,"4,614,197.00"
LU1434170186,SDX,SWTI7L,LW554208@SEDX Corp,"4,348,874.77"
DE000SG2QNT6,SDX,SMIB7L,AO295116@SEDX Corp,"4,305,051.27"
IT0005218752,MTA,BMPS,BMPS IM Equity,"3,892,367.00"
IT0005043507,MTA,OVS,OVS IM Equity,"3,704,900.00"
LU1434170343,SDX,SWTI7S,LW554209@SEDX Corp,"3,659,897.37"
IT0003261069,MTA,AST,AST IM Equity,"3,645,107.00"
IT0000062957,MTA,MB,MB IM Equity,"3,479,519.00"
LU1775931840,SDX,SGAS7L,LW554212@SEDX Corp,"3,376,609.77"
LU0156801721,MTA,TEN,TEN IM Equity,"3,304,135.00"
IT0000433307,MTA,SRS,SRS IM Equity,"3,218,399.00"
IT0003796171,MTA,PST,PST IM Equity,"3,055,302.00"
IT0001250932,MTA,HER,HER IM Equity,"3,021,735.00"
NL0010545661,MTA,CNHI,CNHI IM Equity,"2,967,534.00"
IT0003856405,MTA,LDO,LDO IM Equity,"2,827,930.00"
LU1490163331,SDX,SS7MIB,AL262717@EXCH Corp,"2,683,813.43"
IT0001063210,MTA,MS,MS IM Equity,"2,428,496.00"
DE000SG2QNU4,SDX,SMIB7S,AO295117@SEDX Corp,"2,219,866.97"
IT0005278236,MTA,PIRC,PIRC IM Equity,"2,116,406.00"
IT0003865570,MTA,SAL,SAL IM Equity,"2,050,199.00"
IT0005252207,MTA,CPR,CPR IM Equity,"2,038,364.00"
IT0005211237,MTA,IG,IG IM Equity,"2,005,947.00"
DE000VN9BMJ2,SDX,FNG27L,AN880570@SEDX Corp,"1,966,360.70"
DE000VN9AB77,SDX,FKC17L,LW535144@SEDX Corp,"1,893,839.77"
DE000VN9ABH1,SDX,FCL17L,LW535148@SEDX Corp,"1,862,079.83"
IT0003027817,MTA,IRE,IRE IM Equity,"1,857,506.00"
IT0003261697,MTA,AZM,AZM IM Equity,"1,760,143.00"
IT0000072170,MTA,FBK,FBK IM Equity,"1,748,764.00"
DE000VN9C378,SDX,FLV013,AT809239@EXCH Corp,"1,521,850.30"
DE000SG5XGJ0,SDX,SDAX7S,AC868256@SEDX Corp,"1,471,178.80"
IT0004176001,MTA,PRY,PRY IM Equity,"1,453,018.00"
IT0003506190,MTA,ATL,ATL IM Equity,"1,376,982.00"
JE00B894R074,ETF,IT3S,IT3S IM Equity,"1,323,402.00"
IT0004998065,MTA,ANIM,ANIM IM Equity,"1,317,749.00"
IT0004604762,MTA,SFL,SFL IM Equity,"1,215,266.00"
FR0010446666,ETF,XBRMIB,XBRMIB IM Equity,"1,171,977.00"
DE000VN9AA78,SDX,FNDX7S,LW454503@SEDX Corp,"1,150,584.73"
IT0004965148,MTA,MONC,MONC IM Equity,"1,136,070.00"
DE000VN9DZV5,SDX,FLV015,AS977538@SEDX Corp,"1,100,422.67"
IT0004776628,MTA,BMED,BMED IM Equity,"1,087,054.00"
IT0004931496,MTA,RCS,RCS IM Equity,"1,044,349.00"
FESX201903,Eurex,,VGH9 Comdty,"971,887.20"
IT0003697080,MTA,GEO,GEO IM Equity,"960,579.40"
DE000VN9AAT8,SDX,FBCF7L,LW535134@SEDX Corp,"948,391.60"
DE000VN9AAM3,SDX,FMIB7L,LW351155@SEDX Corp,"932,582.87"
IT0005252728,MTA,BRE,BRE IM Equity,"928,807.60"
IT0003198790,MTA,FKR,FKR IM Equity,"887,296.30"
IT0004931058,MTA,MT,MT IM Equity,"824,386.40"
DE000VN9AB02,SDX,FNG15S,LW535136@SEDX Corp,"819,344.00"
LU1681045370,ETF,AEEM,AEEM IM Equity,"811,392.10"
DE000SG7YA64,SDX,SMIBS7,AF088822@SEDX Corp,"722,713.07"
IT0003073266,MTA,PIA,PIA IM Equity,"628,088.90"
FGBL201903,Eurex,,RXH9 Comdty,"604,644.87"
NL0011585146,MTA,RACE,RACE IM Equity,"573,487.20"
IE00B8VZVH32,ETF,QQQS,QQQS IM Equity,"573,282.20"
DE000VN9BMK0,SDX,FNG27S,AN880572@SEDX Corp,"564,446.03"
IT0001347308,MTA,BZU,BZU IM Equity,"530,933.60"
IT0000784196,MTA,BPSO,BPSO IM Equity,"527,577.40"
IT0000784154,MTA,CASS,CASS IM Equity,"522,501.00"
IT0005010423,MTA,CERV,CERV IM Equity,"517,787.00"
GB00B15KXP72,ETF,COFF,COFF IM Equity,"509,922.20"
IE00B8K7KM88,ETF,3USS,3USS IM Equity,"502,780.60"
IE0008471009,ETF,EUE,EUE IM Equity,"500,607.70"
IT0001137345,MTA,AGL,AGL IM Equity,"496,981.30"
IT0004712375,MTA,SFER,SFER IM Equity,"492,801.30"
IT0003828271,MTA,REC,REC IM Equity,"492,021.20"
FR0010446658,ETF,LEVMIB,LEVMIB IM Equity,"490,521.40"
IT0000080447,MTA,CIR,CIR IM Equity,"487,723.00"
DE000HV40B56,SDX,U7LMIB,AP602126@SEDX Corp,"473,596.17"
IT0004056880,MTA,AMP,AMP IM Equity,"470,794.00"
JE00BYQY5H56,ETF,NG3L,NG3L IM Equity,"468,026.60"
IT0005176406,MTA,ENAV,ENAV IM Equity,"448,578.80"
GB00B15KXV33,ETF,CRUD,CRUD IM Equity,"447,127.70"
IT0001031084,MTA,BGN,BGN IM Equity,"444,779.80"
IE00B76BRD76,ETF,3NGS,3NGS IM Equity,"417,126.90"
DE000VN9CG05,SDX,FLV001,AQ341639@SEDX Corp,"383,804.33"
LU1459801780,ETF,TIP1E,TIP1E IM Equity,"377,837.30"
DE000VN9AAQ4,SDX,FMIB5S,LW351161@SEDX Corp,"371,807.73"
DE000VN9ABF5,SDX,FIND7S,LW454515@SEDX Corp,"367,840.17"
NL0012059018,MTA,EXO,EXO IM Equity,"358,273.50"
IE00B3ZW0K18,ETF,IUSE,IUSE IM Equity,"353,957.30"
IT0005244402,MTA,BFF,BFF IM Equity,"347,786.80"
FR0010010827,ETF,ETFMIB,ETFMIB IM Equity,"318,285.30"
IT0005162406,MTA,TGYM,TGYM IM Equity,"313,637.00"
IT0004329733,MTA,CAI,CAI IM Equity,"299,363.90"
FGBS201903,Eurex,,DUH9 Comdty,"290,633.00"
IT0005279143,MTA,GIMA,GIMA IM Equity,"282,968.40"
FR0010405431,ETF,GRC,GRC IM Equity,"278,093.20"
JE00B8DVWK97,ETF,IT3L,IT3L IM Equity,"259,670.10"
IT0003188064,MTA,IF,IF IM Equity,"257,322.70"
IT0005090300,MTA,INW,INW IM Equity,"256,875.80"
JE00B2NFTD12,ETF,LCFE,LCFE IM Equity,"254,099.80"
IE00B873CW36,ETF,3ITS,3ITS IM Equity,"245,416.20"
IT0003201198,MTA,SIS,SIS IM Equity,"239,349.60"
FR0010424143,ETF,BXX,BXX IM Equity,"224,028.60"
JE00BYQY8G54,ETF,3CRL,3CRL IM Equity,"199,966.90"
JE00B984KF15,ETF,GE3S,GE3S IM Equity,"195,925.90"
LU1391376552,SDX,SNDX7S,JK721779@EXCH Corp,"193,102.93"
IT0001078911,MTA,IP,IP IM Equity,"192,121.20"
LU1650492173,ETF,FTS100,FTS100 IM Equity,"184,704.20"
IT0001479374,MTA,LUX,LUX IM Equity,"172,796.90"
IT0005322612,MTA,IGD,IGD IM Equity,"172,428.10"
IT0004764699,MTA,BC,BC IM Equity,"160,724.90"
IT0001157020,MTA,ERG,ERG IM Equity,"158,550.20"
IE00B7SX5Y86,ETF,3OIS,3OIS IM Equity,"156,736.90"
IT0003826473,MTA,PLT,PLT IM Equity,"155,489.20"
IT0003153621,MTA,TIP,TIP IM Equity,"153,908.60"
FR0007054358,ETF,MSE,MSE IM Equity,"153,562.30"
DE000VN9AAB6,SDX,FDAX7S,LW218626@SEDX Corp,"152,519.13"
DE000VN9AAL5,SDX,FMIB5L,LW351153@SEDX Corp,"144,511.27"
DE000VN9AB10,SDX,FNG17S,LW535137@SEDX Corp,"141,400.00"
IT0000084027,MTA,AT,AT IM Equity,"135,008.60"
IT0003121677,MTA,CE,CE IM Equity,"134,925.50"
DE000SG5XGH4,SDX,SDAX7L,AC868210@SEDX Corp,"134,045.40"
LU0779800910,ETF,XCHA,XCHA IM Equity,"133,452.50"
IE00B8JF9153,ETF,3EUS,3EUS IM Equity,"132,966.30"
DE000VN9ABV2,SDX,FSX77L,LW525511@SEDX Corp,"132,175.93"
IE00B441G979,ETF,IWDE,IWDE IM Equity,"130,759.50"
FOAT201903,Eurex,,OATH9 Comdty,"130,262.50"
JE00BYQY8219,ETF,3CRS,3CRS IM Equity,"122,594.90"
IE00B1XNH568,ETF,IMIB,IMIB IM Equity,"122,467.80"
DE000VN9AA37,SDX,FSPX7S,LW454499@SEDX Corp,"120,176.77"
IE00B7XD2195,ETF,3SIL,3SIL IM Equity,"118,561.30"
IT0001207098,MTA,ACE,ACE IM Equity,"116,559.60"
JE00BYQY3Z98,ETF,3CFL,3CFL IM Equity,"115,470.00"
LU0969639128,ETF,SS1EUA,SS1EUA IM Equity,"110,033.50"
IT0003007728,MTA,TOD,TOD IM Equity,"108,975.60"
IE00BYPLS672,ETF,ISPY,ISPY IM Equity,"107,724.30"
DE0002635307,ETF,EXSA,EXSA IM Equity,"104,788.60"
LU0832435464,ETF,LVO,LVO IM Equity,"104,314.20"
IT0003492391,MTA,DIA,DIA IM Equity,"100,385.90"
IT0003115950,MTA,DLG,DLG IM Equity,"100,174.30"
FDAX201903,Eurex,,GXH9 Comdty,"98,750.93"
IE00B5M4WH52,ETF,SEML,SEML IM Equity,"97,467.27"
IT0003850929,MTA,PRT,PRT IM Equity,"95,295.34"
LU0292106753,ETF,XSSX,XSSX IM Equity,"93,885.40"
IT0003126783,MTA,CEM,CEM IM Equity,"93,011.60"
FBTP201903,Eurex,,IKH9 Comdty,"90,966.23"
LU0411075020,ETF,XSD2,XSD2 IM Equity,"90,706.60"
JE00B992Q458,ETF,GE3L,GE3L IM Equity,"89,613.40"
IT0001044996,MTA,DOB,DOB IM Equity,"87,115.60"
JE00BYQY5082,ETF,NG3S,NG3S IM Equity,"86,464.13"
LU1540727648,SDX,SBRE7S,AM597989@SEDX Corp,"82,804.70"
FR0010869495,ETF,DAX2S,DAX2S IM Equity,"77,052.84"
IE00B4QNHZ41,ETF,DES2,DES2 IM Equity,"75,734.37"
LU0950671239,ETF,UKEUBH,UKEUBH IM Equity,"73,773.77"
LU1048315243,ETF,CBUS5E,CBUS5E IM Equity,"71,446.66"
LU0952581584,ETF,XJSE,XJSE IM Equity,"70,934.84"
FR0010446146,ETF,BERMIB,BERMIB IM Equity,"70,753.70"
NL0012666408,SDX,P66408,AS873220@EXCH Corp,"70,050.70"
IE00BD4TYG73,ETF,USEUWH,USEUWH IM Equity,"69,082.73"
LU0476289466,ETF,XMEX,XMEX IM Equity,"69,081.47"
IE00BMW3QX54,ETF,ROBO,ROBO IM Equity,"67,169.60"
IE00BYM11K57,ETF,ACWIE,ACWIE IM Equity,"65,671.43"
IT0001049623,MTA,IMA,IMA IM Equity,"64,095.63"
FR0010361683,ETF,INDI,INDI IM Equity,"63,999.83"
IE00BYZK4776,ETF,HEAL,HEAL IM Equity,"63,691.10"
IT0004093263,MTA,ASC,ASC IM Equity,"61,317.27"
IT0005054967,MTA,RWAY,RWAY IM Equity,"60,833.40"
IE00BLS09N40,ETF,3BAL,3BAL IM Equity,"59,656.70"
LU1324516308,ETF,SBEME,SBEME IM Equity,"58,158.10"
IT0003097257,MTA,BSS,BSS IM Equity,"56,824.00"
LU1327051279,ETF,SPX2S,SPX2S IM Equity,"56,338.80"
LU0136234068,ETF,E50EUA,E50EUA IM Equity,"54,524.57"
FBTS201903,Eurex,,BTSH9 Comdty,"53,347.17"
JE00B2QXZK10,ETF,COCO,COCO IM Equity,"52,295.30"
IE00BYZK4883,ETF,DGTL,DGTL IM Equity,"51,932.43"
IT0005188336,MTA,ELN,ELN IM Equity,"51,717.70"
IE00B4613386,ETF,EMLD,EMLD IM Equity,"51,593.17"
LU1645385839,ETF,SHEMB,SHEMB IM Equity,"51,458.27"
IE00B53L3W79,ETF,CSSX5E,CSSX5E IM Equity,"50,791.27"
DE000VN9BMB9,SDX,FCC17L,AN913659@SEDX Corp,"50,352.97"
IT0003428445,MTA,MARR,MARR IM Equity,"49,932.87"
LU0977261329,ETF,SW2CHB,SW2CHB IM Equity,"48,172.20"
LU0977260941,ETF,S2EUBH,S2EUBH IM Equity,"48,059.13"
IE00B1FZS681,ETF,IBGX,IBGX IM Equity,"47,725.40"
IE00BYTYHR65,ETF,3BRS,3BRS IM Equity,"47,723.13"
IE00B66F4759,ETF,IHYG,IHYG IM Equity,"46,232.30"
IT0004967292,MTA,FILA,FILA IM Equity,"45,564.57"
IE00B8FHGS14,ETF,MVOL,MVOL IM Equity,"44,685.93"
LU0380865021,ETF,XESC,XESC IM Equity,"44,446.10"
FDXM201903,Eurex,,DFWH9 Comdty,"44,374.17"
IE00BQN1K786,ETF,IEMO,IEMO IM Equity,"43,934.27"
FR0010791194,ETF,C2U,C2U IM Equity,"43,835.17"
JE00B2NFV134,ETF,LPLA,LPLA IM Equity,"42,997.54"
DE000VN9DZW3,SDX,FLV016,AS977539@SEDX Corp,"42,913.13"
IE00B1XNHC34,ETF,INRG,INRG IM Equity,"41,152.60"
IT0004195308,MTA,MOL,MOL IM Equity,"41,081.77"
NL0012663892,SDX,P63892,AW637542@EXCH Corp,"40,393.13"
IE00BC7GZW19,ETF,SEUC,SEUC IM Equity,"40,029.27"
IT0005282865,MTA,REY,REY IM Equity,"38,821.40"
FGBX201903,Eurex,,UBH9 Comdty,"38,284.80"
JE00BYQY5Q48,ETF,3NIS,3NIS IM Equity,"37,507.54"
LU1048317025,ETF,CBUSE,CBUSE IM Equity,"37,334.93"
IT0004053440,MTA,DAL,DAL IM Equity,"37,288.04"
IT0004171440,MTA,ZV,ZV IM Equity,"36,928.57"
LU0496786574,ETF,SPX,SPX IM Equity,"36,680.67"
IE00B9M6RS56,ETF,EMBE,EMBE IM Equity,"36,654.80"
LU1130155606,ETF,CAHEUA,CAHEUA IM Equity,"35,912.80"
JE00B24DKC09,ETF,SBUL,SBUL IM Equity,"35,148.63"
IE00B8NB3063,ETF,3ITL,3ITL IM Equity,"34,960.54"
IE00BYZK4669,ETF,AGED,AGED IM Equity,"34,630.37"
LU0950672476,ETF,JPEUBH,JPEUBH IM Equity,"34,384.73"
LU1540726830,SDX,SBRE7L,AM597988@SEDX Corp,"33,474.17"
JE00B1VS3770,ETF,PHAU,PHAU IM Equity,"33,165.13"
IE00B14X4S71,ETF,IBTS,IBTS IM Equity,"33,016.77"
DE000VN9ABR0,SDX,FXAG7L,LW525507@SEDX Corp,"32,984.70"
IE00B77D4428,ETF,USAEUY,USAEUY IM Equity,"31,111.87"
LU1681049109,ETF,500H,500H IM Equity,"30,791.17"
JE00B8DFY052,ETF,GBSE,GBSE IM Equity,"30,416.23"
LU1490163091,SDX,SL7MIB,AL262716@EXCH Corp,"30,396.03"
NL0012666416,SDX,P66416,AS873221@EXCH Corp,"30,115.40"
LU1048314196,ETF,CBEU5,CBEU5 IM Equity,"30,104.27"
LU1434170699,SDX,SILV7L,LW554210@SEDX Corp,"30,040.03"
IE00B4L60045,ETF,SE15,SE15 IM Equity,"29,475.87"
JE00B83F5M43,ETF,FR3S,FR3S IM Equity,"28,659.93"
IE00B2NPKV68,ETF,IEMB,IEMB IM Equity,"27,894.93"
JE00B2NFTW01,ETF,LSUG,LSUG IM Equity,"27,268.27"
IT0000076502,MTA,DAN,DAN IM Equity,"26,880.63"
LU0252633754,ETF,DAXX,DAXX IM Equity,"25,096.97"
IE00B3F81R35,ETF,IEAC,IEAC IM Equity,"25,072.23"
GB00B15KY211,ETF,NICK,NICK IM Equity,"24,910.60"
FR0010468983,ETF,DJLEV,DJLEV IM Equity,"24,845.30"
JE00BYQY8102,ETF,3WHL,3WHL IM Equity,"24,760.20"
IE00BSKRK281,ETF,IEBB,IEBB IM Equity,"24,555.10"
IT0005253205,MTA,ITM,ITM IM Equity,"24,402.43"
IE00B27YCK28,ETF,LTAM,LTAM IM Equity,"24,359.83"
LU0292106241,ETF,XSDX,XSDX IM Equity,"24,342.03"
JE00BYQY7H96,ETF,3SUL,3SUL IM Equity,"24,164.10"
IE00B8HGT870,ETF,3GOL,3GOL IM Equity,"24,158.27"
IE00B8GKPP93,ETF,3DES,3DES IM Equity,"23,665.33"
IE00B3CNHG25,ETF,AUCO,AUCO IM Equity,"23,299.60"
FR0010326140,ETF,RUS,RUS IM Equity,"22,981.30"
LU1681041031,ETF,HFRN,HFRN IM Equity,"22,863.80"
DE000VN9CG62,SDX,FLV007,AQ341645@SEDX Corp,"22,704.23"
JE00B97CQD62,ETF,EU3S,EU3S IM Equity,"22,162.77"
DE000A0D8Q07,ETF,EXSI,EXSI IM Equity,"22,037.17"
LU1650487413,ETF,EM13,EM13 IM Equity,"21,423.23"
IT0014508565,Idem,,STH9,"20,510.07"
LU0274211217,ETF,XESX,XESX IM Equity,"20,042.57"
IE00B466KX20,ETF,EMAE,EMAE IM Equity,"20,001.50"
LU1109939865,ETF,XHY1,XHY1 IM Equity,"19,949.03"
DE000VN9D046,SDX,FLV057,AT951306@EXCH Corp,"19,942.40"
IE00BYTYHS72,ETF,3BRL,3BRL IM Equity,"19,886.63"
DE000VN9AAA8,SDX,FDAX7L,LW218625@SEDX Corp,"19,814.23"
GB00B15KYH63,ETF,AIGA,AIGA IM Equity,"19,445.70"
FESX201906,Eurex,,VGM9 Comdty,"19,398.90"
IE00B0M63516,ETF,IBZL,IBZL IM Equity,"19,067.03"
FESB201903,Eurex,,CAH9 Comdty,"18,924.50"
FR0010270033,ETF,CRB,CRB IM Equity,"18,898.40"
DE000SG458H8,SDX,SX507L,AC076599@SEDX Corp,"18,839.70"
LU1681047236,ETF,C50,C50 IM Equity,"18,722.43"
LU1391376719,SDX,SSPX7S,JK721778@EXCH Corp,"18,059.43"
IE00B14X4M10,ETF,INAA,INAA IM Equity,"17,926.97"
LU0476289623,ETF,XMIN,XMIN IM Equity,"17,893.13"
IE0008470928,ETF,EUN,EUN IM Equity,"17,833.77"
LU1829219713,ETF,AAA35,AAA35 IM Equity,"17,507.37"
IE00BM67HK77,ETF,XDWH,XDWH IM Equity,"17,036.67"
IE00B8JVMZ80,ETF,3HCL,3HCL IM Equity,"16,822.20"
DE000VN9D0E3,SDX,FLV033,AT518729@SEDX Corp,"16,708.10"
XS1290048195,SDX,SWTI5L,JK148209@SEDX Corp,"16,558.03"
IE00B1FZS350,ETF,IWDP,IWDP IM Equity,"16,318.57"
IE00B1FZS798,ETF,IBTM,IBTM IM Equity,"15,862.27"
GB00B15KY989,ETF,AIGC,AIGC IM Equity,"15,706.13"
LU1681046774,ETF,X1G,X1G IM Equity,"15,691.97"
IE00BLS09P63,ETF,3BAS,3BAS IM Equity,"15,498.87"
IE00BF8HV600,ETF,STHE,STHE IM Equity,"15,351.93"
IE00B6YX5M31,ETF,JNKE,JNKE IM Equity,"15,191.47"
LU0136240974,ETF,JPNEUA,JPNEUA IM Equity,"15,149.80"
LU1650488494,ETF,EM35,EM35 IM Equity,"15,033.50"
JE00BYQY4L28,ETF,3AUS,3AUS IM Equity,"14,973.83"
LU0274211480,ETF,XDAX,XDAX IM Equity,"14,900.80"
JE00BYQY5X15,ETF,3NIL,3NIL IM Equity,"14,623.53"
IE00B86MWN23,ETF,MVEU,MVEU IM Equity,"14,417.77"
IE00BHZKHS06,ETF,MLPI,MLPI IM Equity,"14,278.20"
JE00BYQY4X40,ETF,3AUL,3AUL IM Equity,"14,129.57"
IE00BDVJF675,ETF,PRFD,PRFD IM Equity,"13,954.77"
DE000HV41J73,SDX,UI376X,AU653197@SEDX Corp,"13,940.87"
JE00B7QK5303,ETF,UK3S,UK3S IM Equity,"13,912.63"
FR0010424135,ETF,BSX,BSX IM Equity,"13,895.63"
IE00BZ0PKV06,ETF,IFSE,IFSE IM Equity,"13,790.27"
LU0959211243,ETF,SPXH,SPXH IM Equity,"13,582.20"
JE00B7305Z55,ETF,EBRT,EBRT IM Equity,"13,565.73"
JE00B4RKQV36,ETF,EBUL,EBUL IM Equity,"13,334.87"
LU0328476410,ETF,XSFR,XSFR IM Equity,"12,920.93"
LU0252634307,ETF,DAXLEV,DAXLEV IM Equity,"12,874.87"
IE0032523478,ETF,IBCX,IBCX IM Equity,"12,731.73"
IE00BM67HN09,ETF,XDWS,XDWS IM Equity,"12,707.77"
IE00B53L4X51,ETF,CSMIB,CSMIB IM Equity,"12,680.17"
JE00B8NCRX09,ETF,CH3L,CH3L IM Equity,"12,630.80"
DE0005933931,ETF,EXS1,EXS1 IM Equity,"12,487.20"
FR0010326256,ETF,TUR,TUR IM Equity,"12,442.07"
LU1834988864,ETF,UTI,UTI IM Equity,"12,375.73"
IE00BZ048462,ETF,FLTR,FLTR IM Equity,"12,329.43"
IE00BYM31M36,ETF,WING,WING IM Equity,"12,227.33"
LU1681044480,ETF,AASI,AASI IM Equity,"12,205.13"
LU1440654330,ETF,CHIN,CHIN IM Equity,"11,797.20"
IE00B910VR50,ETF,EURO,EURO IM Equity,"11,659.47"
LU1109942653,ETF,XHYG,XHYG IM Equity,"11,602.57"
IE00B5B5TG76,ETF,SDJE5D,SDJE5D IM Equity,"11,581.07"
LU1681045024,ETF,ALAT,ALAT IM Equity,"11,548.30"
LU1523099700,ETF,BUND1S,BUND1S IM Equity,"11,511.37"
IE00B1FZS913,ETF,IBGL,IBGL IM Equity,"11,355.83"
IE00BGHQ0G80,ETF,XMAW,XMAW IM Equity,"11,260.03"
JE00B3SBYQ91,ETF,USEU,USEU IM Equity,"10,941.43"
DE000VN9ABM1,SDX,FXAU7L,LW535152@SEDX Corp,"10,801.70"
IT0001206769,MTA,SOL,SOL IM Equity,"10,663.30"
LU0942970103,ETF,XBAG,XBAG IM Equity,"10,576.80"
LU1287023185,ETF,EM710,EM710 IM Equity,"10,545.77"
IE00B1FZS806,ETF,IBGM,IBGM IM Equity,"10,529.00"
LU0839027447,ETF,XDJP,XDJP IM Equity,"10,528.67"
LU0290358497,ETF,XEON,XEON IM Equity,"10,482.50"
IT0005027286,SDX,AL2728,AD311928@EXCH Corp,"10,429.13"
LU1829218319,ETF,FLOT,FLOT IM Equity,"10,296.80"
LU1829218319,ETF,FLOT,FLOT IM Equity,"10,296.80"
IE0032895942,ETF,LQDE,LQDE IM Equity,"10,228.13"
LU0446734872,ETF,CANEUA,CANEUA IM Equity,"10,088.47"
IE00BP3QZ825,ETF,IWMO,IWMO IM Equity,"10,065.20"
LU0942970798,ETF,XBAE,XBAE IM Equity,"10,003.23"
IE00B1TXLS18,ETF,IUKP,IUKP IM Equity,"9,691.13"
LU1598691217,ETF,BTP10,BTP10 IM Equity,"9,660.80"
LU1650490474,ETF,EMG,EMG IM Equity,"9,658.90"
IE0032077012,ETF,EQQQ,EQQQ IM Equity,"9,651.03"
JE00B78CGV99,ETF,BRNT,BRNT IM Equity,"9,612.20"
IT0005056020,SDX,AL5602,AE217235@EXCH Corp,"9,609.27"
IE00B1W57M07,ETF,BR50,BR50 IM Equity,"9,595.57"
IE00B6YX5D40,ETF,USDV,USDV IM Equity,"9,594.03"
FR0011758085,ETF,ITAMID,ITAMID IM Equity,"9,431.57"
JE00B6TK3K31,ETF,ECOF,ECOF IM Equity,"9,394.40"
FR0010361675,ETF,HK,HK IM Equity,"9,373.03"
DE000VN9ATT8,SDX,FHG17S,QZ572656@SEDX Corp,"9,272.67"
LU0292106167,ETF,XDBC,XDBC IM Equity,"9,271.67"
FR0010312124,ETF,AEJ,AEJ IM Equity,"9,124.10"
LU1681040900,ETF,USFRN,USFRN IM Equity,"8,701.20"
IE00B6YX5F63,ETF,GOVS,GOVS IM Equity,"8,631.90"
IE00B1FZS467,ETF,INFR,INFR IM Equity,"8,628.17"
JE00B2NFTC05,ETF,LALU,LALU IM Equity,"8,497.53"
LU0274212538,ETF,XMIB,XMIB IM Equity,"8,492.13"
IE00B6YX5B26,ETF,EMDV,EMDV IM Equity,"8,480.03"
IE00B74DQ490,ETF,HYLD,HYLD IM Equity,"8,407.77"
JE00B97D3F07,ETF,CH3S,CH3S IM Equity,"8,356.60"
LU0274209740,ETF,XMJP,XMJP IM Equity,"8,353.50"
DE000HV40B64,SDX,U7SMIB,AP602127@SEDX Corp,"8,301.67"
FR0010527275,ETF,WAT,WAT IM Equity,"8,282.93"
IE00B14X4Q57,ETF,IBGS,IBGS IM Equity,"8,154.53"
LU1459801434,ETF,TIP1D,TIP1D IM Equity,"8,148.53"
IE00BP3QZB59,ETF,IWVL,IWVL IM Equity,"8,056.30"
LU0322252924,ETF,XFVT,XFVT IM Equity,"8,015.80"
JE00B89ZNT11,ETF,FR3L,FR3L IM Equity,"8,006.87"
IE00B58HMN42,ETF,CCEUAS,CCEUAS IM Equity,"7,995.17"
LU1287023003,ETF,EM57,EM57 IM Equity,"7,704.27"
LU0446734526,ETF,PACEUA,PACEUA IM Equity,"7,582.77"
IE00B1FZS574,ETF,ITKY,ITKY IM Equity,"7,402.50"
DE000HV41J16,SDX,UI370X,AU653191@SEDX Corp,"7,301.63"
XS1101724869,ETF,MIB3S,MIB3S IM Equity,"7,294.03"
LU1324510525,ETF,UST1F,UST1F IM Equity,"7,095.30"
FGBL201906,Eurex,,RXM9 Comdty,"6,935.27"
FR0010652867,ETF,APEX,APEX IM Equity,"6,931.80"
IE00BP9F2J32,ETF,LDCE,LDCE IM Equity,"6,924.97"
LU0290356954,ETF,X35E,X35E IM Equity,"6,619.40"
JE00BYQY4341,ETF,3CUS,3CUS IM Equity,"6,570.33"
LU0411075376,ETF,XLDX,XLDX IM Equity,"6,510.57"
LU1829219127,ETF,CRPE,CRPE IM Equity,"6,428.77"
LU1829219127,ETF,CRPE,CRPE IM Equity,"6,428.77"
IE00BCRY6003,ETF,SDHY,SDHY IM Equity,"6,232.67"
IE00B8KGV557,ETF,EMV,EMV IM Equity,"6,161.37"
FR0010204073,ETF,EST,EST IM Equity,"6,053.07"
LU1523098561,ETF,BTP1S,BTP1S IM Equity,"6,036.40"
GB00B15KYB02,ETF,AIGE,AIGE IM Equity,"6,013.17"
JE00B9689G92,ETF,EU3L,EU3L IM Equity,"5,999.00"
LU1686830909,ETF,EMKTB,EMKTB IM Equity,"5,955.47"
LU1686830909,ETF,EMKTB,EMKTB IM Equity,"5,955.47"
IE00BNH72088,ETF,CONV,CONV IM Equity,"5,840.37"
IE00BQQP9F84,ETF,GDX,GDX IM Equity,"5,796.83"
LU1048313891,ETF,MSRUSA,MSRUSA IM Equity,"5,738.77"
LU0328475792,ETF,XSX6,XSX6 IM Equity,"5,701.30"
FR0010754200,ETF,C3M,C3M IM Equity,"5,679.17"
LU0925589839,ETF,XYP1,XYP1 IM Equity,"5,665.90"
LU0480132876,ETF,EMMEUA,EMMEUA IM Equity,"5,659.00"
XS1236465842,SDX,SMIBS5,AF130291@SEDX Corp,"5,529.33"
FR0010204081,ETF,CINA,CINA IM Equity,"5,353.07"
FR0013284304,ETF,MKTN,MKTN IM Equity,"5,312.83"
IE00B02KXM00,ETF,DJSC,DJSC IM Equity,"5,270.13"
LU0629460675,ETF,ESREUA,ESREUA IM Equity,"5,265.77"
LU1437016204,ETF,GGOV,GGOV IM Equity,"5,218.67"
IE00BKS8QN04,ETF,3BUS,3BUS IM Equity,"5,182.80"
IE00B3VTMJ91,ETF,CSBGE3,CSBGE3 IM Equity,"5,166.57"
DE000VN9D0W5,SDX,FLV049,AT518737@SEDX Corp,"5,104.73"
IE00B7N3YW49,ETF,STHY,STHY IM Equity,"5,086.00"
IE00BYPHT736,ETF,XDEP,XDEP IM Equity,"5,045.73"
DE000VN9BMF0,SDX,FS1X7L,AN913665@SEDX Corp,"5,044.33"
IE00BC7GZJ81,ETF,TRS3,TRS3 IM Equity,"4,960.60"
FR0010315770,ETF,WLD,WLD IM Equity,"4,957.07"
IE00BD8D5H32,ETF,EUHI,EUHI IM Equity,"4,946.87"
JE00B3MWC642,ETF,EUJP,EUJP IM Equity,"4,944.57"
JE00BYQY6F08,ETF,SI3L,SI3L IM Equity,"4,889.00"
NL0012666424,SDX,P66424,AS873222@EXCH Corp,"4,861.13"
XS1101721923,ETF,MIB3L,MIB3L IM Equity,"4,747.53"
FR0010410266,ETF,LATAM,LATAM IM Equity,"4,662.37"
FR0010757781,ETF,C5S,C5S IM Equity,"4,658.27"
DE0002635299,ETF,EXSH,EXSH IM Equity,"4,616.60"
DE000SG2QNV2,SDX,SX507S,AO019579@SEDX Corp,"4,550.77"
JE00BYQY6502,ETF,SI3S,SI3S IM Equity,"4,547.23"
IT0005041832,SDX,AL4183,AD654605@EXCH Corp,"4,534.97"
IE00BMP3HG27,ETF,GLDVD,GLDVD IM Equity,"4,532.23"
FR0010754184,ETF,C73,C73 IM Equity,"4,524.90"
LU0908508814,ETF,XGIU,XGIU IM Equity,"4,511.93"
GB00B15KXQ89,ETF,COPA,COPA IM Equity,"4,489.40"
LU0321462870,ETF,XTC5,XTC5 IM Equity,"4,409.03"
FR0010361691,ETF,KOR,KOR IM Equity,"4,396.43"
LU0290355717,ETF,XGLE,XGLE IM Equity,"4,383.83"
IE00B9KNR336,ETF,PADV,PADV IM Equity,"4,345.90"
FESX201912,Eurex,,VGZ9 Comdty,"4,297.23"
JE00BYQY7799,ETF,3SUS,3SUS IM Equity,"4,260.57"
LU1681040496,ETF,AHYE,AHYE IM Equity,"4,197.17"
IE00B0M63284,ETF,IPRP,IPRP IM Equity,"4,080.40"
LU0613540268,ETF,XBOT,XBOT IM Equity,"4,071.33"
FR0010245514,ETF,JPN,JPN IM Equity,"4,035.90"
IE00BJ38QD84,ETF,R2US,R2US IM Equity,"3,997.03"
LU1287022708,ETF,LAFRI,LAFRI IM Equity,"3,860.73"
IE00B4WXJJ64,ETF,SEGA,SEGA IM Equity,"3,856.03"
DE000HV41J24,SDX,UI371X,AU653192@SEDX Corp,"3,735.83"
FR0010524777,ETF,ENER,ENER IM Equity,"3,729.93"
DE000A0D8Q49,ETF,EXX5,EXX5 IM Equity,"3,713.13"
XS1073721059,ETF,GAS3S,GAS3S IM Equity,"3,706.17"
IE00B7J7TB45,ETF,CORP,CORP IM Equity,"3,641.53"
IE00B4WXJD03,ETF,SPXJ,SPXJ IM Equity,"3,626.83"
IE00B3DKXQ41,ETF,IEAG,IEAG IM Equity,"3,563.30"
IE00BLNMQT00,ETF,5EUS,5EUS IM Equity,"3,520.87"
IE00B3S5XW04,ETF,GOVY,GOVY IM Equity,"3,514.00"
LU0322253229,ETF,XSGI,XSGI IM Equity,"3,513.80"
LU1324516050,ETF,SBEM,SBEM IM Equity,"3,512.50"
JE00B2NFTK88,ETF,LGAS,LGAS IM Equity,"3,505.73"
LU1287023342,ETF,EMAAA,EMAAA IM Equity,"3,448.30"
IE00B3VTML14,ETF,CSBGE7,CSBGE7 IM Equity,"3,430.87"
IE00B02KXL92,ETF,DJMC,DJMC IM Equity,"3,422.07"
LU0290356871,ETF,X13E,X13E IM Equity,"3,409.23"
FSMI201912,Eurex,,SMZ9 Comdty,"3,408.73"
LU1681041114,ETF,AFRN,AFRN IM Equity,"3,403.57"
FESB201909,Eurex,,CAU9 Comdty,"3,370.10"
IE00B6X2VY59,ETF,IRCP,IRCP IM Equity,"3,349.20"
LU1650491282,ETF,EMI,EMI IM Equity,"3,266.93"
JE00B3QQ4551,ETF,EUS3,EUS3 IM Equity,"3,237.70"
IT0001006128,MTA,ADB,ADB IM Equity,"3,195.70"
DE000VN9ABU4,SDX,FSX75L,LW525510@SEDX Corp,"3,140.67"
LU1215415214,ETF,HYBB,HYBB IM Equity,"3,137.90"
IE00BP3QZ601,ETF,IWQU,IWQU IM Equity,"3,129.37"
IE00B5377D42,ETF,SAUS,SAUS IM Equity,"3,107.70"
LU1681037518,ETF,FMI,FMI IM Equity,"3,098.10"
IE00B4K6B022,ETF,H50E,H50E IM Equity,"3,060.63"
IE00B60SWX25,ETF,SDJE50,SDJE50 IM Equity,"3,047.40"
IE00BM67HT60,ETF,XDWT,XDWT IM Equity,"3,006.27"
IE00BF11F458,ETF,FLOE,FLOE IM Equity,"2,988.17"
LU0908508731,ETF,XG7S,XG7S IM Equity,"2,973.43"
IE00B8CJW150,ETF,MLPD,MLPD IM Equity,"2,968.53"
IE00B3Y8D011,ETF,XS7W,XS7W IM Equity,"2,943.87"
IT0005175754,SDX,AL7575,LW225355@EXCH Corp,"2,864.20"
IE00BYSZ5T81,ETF,TRSX,TRSX IM Equity,"2,839.93"
LU1598691050,ETF,BTP13,BTP13 IM Equity,"2,836.40"
DE000HV41J81,SDX,UI377X,AU653198@SEDX Corp,"2,817.00"
LU1280303014,ETF,USSRF,USSRF IM Equity,"2,815.57"
IE00BHBFDF83,ETF,CASH,CASH IM Equity,"2,805.50"
IE00B8W5C578,ETF,QQQ3,QQQ3 IM Equity,"2,790.13"
IE00BQQ3Q067,ETF,DEM,DEM IM Equity,"2,757.13"
IE00B7SD4R47,ETF,3EUL,3EUL IM Equity,"2,743.73"
LU1834986900,ETF,HLT,HLT IM Equity,"2,714.77"
LU1437016972,ETF,MWRD,MWRD IM Equity,"2,710.40"
JE00BYQY4F67,ETF,3CUL,3CUL IM Equity,"2,689.73"
FESB201912,Eurex,,CAZ9 Comdty,"2,684.43"
FR0010754135,ETF,C13,C13 IM Equity,"2,675.60"
LU1525418643,ETF,EBBB,EBBB IM Equity,"2,668.17"
LU1681046261,ETF,CB3,CB3 IM Equity,"2,566.33"
IE00B78JSG98,ETF,USVEUY,USVEUY IM Equity,"2,551.60"
LU0478205379,ETF,XBLC,XBLC IM Equity,"2,531.20"
IE00B4L5ZG21,ETF,IEXF,IEXF IM Equity,"2,523.27"
LU0290359032,ETF,XTXC,XTXC IM Equity,"2,508.60"
LU0879397742,ETF,SF1EUA,SF1EUA IM Equity,"2,424.70"
IE00BYMLZY74,ETF,WCOA,WCOA IM Equity,"2,416.23"
JE00B2NFT310,ETF,SCOC,SCOC IM Equity,"2,405.37"
LU1829220216,ETF,ACWI,ACWI IM Equity,"2,385.07"
LU0476289540,ETF,XCAN,XCAN IM Equity,"2,375.87"
IE00B4WXJG34,ETF,IBGY,IBGY IM Equity,"2,340.43"
JE00BDD9QC84,ETF,LWEA,LWEA IM Equity,"2,327.83"
IE00B60SWW18,ETF,SDJ600,SDJ600 IM Equity,"2,309.47"
IE00B52MJY50,ETF,CSPXJ,CSPXJ IM Equity,"2,294.73"
LU1399300455,ETF,XUTE,XUTE IM Equity,"2,245.57"
LU1435356495,ETF,USYH,USYH IM Equity,"2,245.53"
IE00B0M62X26,ETF,IBCI,IBCI IM Equity,"2,233.47"
FR0010346205,ETF,CRBN,CRBN IM Equity,"2,228.07"
IE00B52MJD48,ETF,CSNKY,CSNKY IM Equity,"2,216.60"
LU1434169923,SDX,SORO7L,LW554206@SEDX Corp,"2,202.23"
FR0010754168,ETF,C33,C33 IM Equity,"2,185.10"
IT0005186413,SDX,AL8641,LW530291@EXCH Corp,"2,182.93"
LU1681046345,ETF,X13G,X13G IM Equity,"2,151.43"
LU1681046345,ETF,X13G,X13G IM Equity,"2,151.43"
IT0005158651,SDX,AL5865,JK414624@EXCH Corp,"2,093.47"
IE00B7Y34M31,ETF,3USL,3USL IM Equity,"2,067.73"
IE00B52SF786,ETF,CSCA,CSCA IM Equity,"2,055.63"
IE00BQQP9G91,ETF,GDXJ,GDXJ IM Equity,"2,051.07"
IE00B3WMTH43,ETF,XLVS,XLVS IM Equity,"1,977.93"
IE00B6TLBW47,ETF,EMCR,EMCR IM Equity,"1,963.10"
IE00B3YCGJ38,ETF,SPXS,SPXS IM Equity,"1,949.93"
IT0005021172,SDX,AL2117,AD049821@EXCH Corp,"1,927.97"
IE00BWBXM948,ETF,SXLK,SXLK IM Equity,"1,912.77"
GB00B15KXT11,ETF,COTN,COTN IM Equity,"1,852.50"
JE00BDD9QB77,ETF,LNIK,LNIK IM Equity,"1,817.77"
DE000VN9BLH8,SDX,FRX17S,AM234646@SEDX Corp,"1,812.00"
LU1617164998,ETF,HYS,HYS IM Equity,"1,794.57"
LU1686831030,ETF,EMBH,EMBH IM Equity,"1,765.17"
LU1645380368,ETF,INFL1,INFL1 IM Equity,"1,762.13"
JE00B2NFTZ32,ETF,LLEA,LLEA IM Equity,"1,753.93"
FR0007056841,ETF,DJE,DJE IM Equity,"1,734.97"
LU1681038599,ETF,NDXH,NDXH IM Equity,"1,724.27"
LU1437015735,ETF,CEU2,CEU2 IM Equity,"1,714.90"
IE00BD0Q9673,ETF,HYFA,HYFA IM Equity,"1,714.20"
XS1759884320,SDX,SOILL5,AD768855@SEDX Corp,"1,674.30"
FBTP201906,Eurex,,IKM9 Comdty,"1,670.97"
IE00B1FZSC47,ETF,ITPS,ITPS IM Equity,"1,669.80"
JE00B3MQG751,ETF,EUSE,EUSE IM Equity,"1,658.63"
IE00B5ZR2157,ETF,PJS1,PJS1 IM Equity,"1,656.23"
FGBS201906,Eurex,,DUM9 Comdty,"1,649.67"
JE00BYQY3K46,ETF,3CFS,3CFS IM Equity,"1,626.80"
IE00B99FL386,ETF,SJNK,SJNK IM Equity,"1,618.80"
LU0322250985,ETF,XCAC,XCAC IM Equity,"1,595.20"
DE000HV41J57,SDX,UI374X,AU653195@SEDX Corp,"1,589.37"
XS1101723622,ETF,DAX3L,DAX3L IM Equity,"1,587.03"
LU0378818131,ETF,XGSH,XGSH IM Equity,"1,573.37"
JE00B1VS3002,ETF,PHPD,PHPD IM Equity,"1,566.60"
JE00B9BQ4529,ETF,UK3L,UK3L IM Equity,"1,527.33"
LU0292109856,ETF,XX25,XX25 IM Equity,"1,468.83"
LU0908500753,ETF,MEUD,MEUD IM Equity,"1,456.17"
LU1571052130,ETF,FLOTH,FLOTH IM Equity,"1,451.10"
FR0007075494,ETF,MGT,MGT IM Equity,"1,442.70"
IE00B878KX55,ETF,3DEL,3DEL IM Equity,"1,421.03"
IE00B8GF1M35,ETF,GLRE,GLRE IM Equity,"1,410.07"
DE000CZ44GE5,SDX,CMIB5S,UV588367@SEDX Corp,"1,401.17"
IE00BH3X8336,ETF,EMLI,EMLI IM Equity,"1,395.53"
JE00B2NFTH59,ETF,LCTO,LCTO IM Equity,"1,391.73"
DE000VN9AAD2,SDX,FDAX5S,LW218628@SEDX Corp,"1,383.33"
LU0321462953,ETF,XEMB,XEMB IM Equity,"1,381.43"
JE00B2NFT534,ETF,LNRG,LNRG IM Equity,"1,368.27"
GB00B15KY872,ETF,ZINC,ZINC IM Equity,"1,366.83"
LU1681041627,ETF,MIVO,MIVO IM Equity,"1,348.63"
LU1407887329,ETF,U13H,U13H IM Equity,"1,347.53"
IE00B3T9LM79,ETF,EUCO,EUCO IM Equity,"1,339.50"
IE00B8KD3F05,ETF,3HCS,3HCS IM Equity,"1,332.83"
LU1459800113,ETF,UST10F,UST10F IM Equity,"1,329.10"
LU1812090543,ETF,HY,HY IM Equity,"1,321.73"
IE00BKWQ0Q14,ETF,EROX,EROX IM Equity,"1,279.87"
LU0879399441,ETF,SF5EUA,SF5EUA IM Equity,"1,277.40"
JE00B3LXVB68,ETF,EUGB,EUGB IM Equity,"1,272.23"
IE00B7LW6Y90,ETF,IITB,IITB IM Equity,"1,262.17"
LU1079841273,ETF,CAPU,CAPU IM Equity,"1,261.57"
JE00BYQY7P70,ETF,3WHS,3WHS IM Equity,"1,247.70"
JE00B588CD74,ETF,SGBS,SGBS IM Equity,"1,235.53"
FR0010754176,ETF,C53,C53 IM Equity,"1,231.07"
JE00BMM1X163,ETF,EGB5,EGB5 IM Equity,"1,221.70"
LU1285959703,ETF,USIG,USIG IM Equity,"1,198.30"
LU0721552544,ETF,UT1EUA,UT1EUA IM Equity,"1,198.20"
IE00B6X4BP29,ETF,3GOS,3GOS IM Equity,"1,192.43"
DE000VN9AAX0,SDX,FSX57L,LW454507@SEDX Corp,"1,185.87"
LU0514694701,ETF,XCS4,XCS4 IM Equity,"1,185.50"
LU1681039647,ETF,CC4,CC4 IM Equity,"1,157.27"
LU1681039647,ETF,CC4,CC4 IM Equity,"1,157.27"
LU0321463258,ETF,XSGL,XSGL IM Equity,"1,151.03"
IE00B3FH7618,ETF,IEGE,IEGE IM Equity,"1,139.90"
LU1437018598,ETF,EGOV,EGOV IM Equity,"1,136.97"
IE00B4QNHH68,ETF,DEL2,DEL2 IM Equity,"1,131.03"
DE000A0Q4RZ9,ETF,EXVM,EXVM IM Equity,"1,112.60"
IE00B3BPCH51,ETF,PEU,PEU IM Equity,"1,107.73"
IE00B8JG1787,ETF,3SIS,3SIS IM Equity,"1,102.60"
LU1681039563,ETF,SMRE,SMRE IM Equity,"1,097.47"
FR0010296061,ETF,LUSA,LUSA IM Equity,"1,086.73"
LU0533034558,ETF,UTIW,UTIW IM Equity,"1,075.20"
FSMI201909,Eurex,,SMU9 Comdty,"1,035.40"
XS1073722297,ETF,OIL1L,OIL1L IM Equity,987.10
JE00B2NFTV93,ETF,LSOB,LSOB IM Equity,977.07
LU1650489385,ETF,EM1015,EM1015 IM Equity,956.67
DE000VN9D053,SDX,FLV058,AV864072@SEDX Corp,955.20
FOAT201906,Eurex,,OATM9 Comdty,953.30
LU1681037864,ETF,TPXH,TPXH IM Equity,951.43
IE00B3B8Q275,ETF,ICOV,ICOV IM Equity,943.73
IE00B94ZB998,ETF,MLPS,MLPS IM Equity,943.70
LU0613540185,ETF,XBTP,XBTP IM Equity,939.40
LU1285960032,ETF,USIH,USIH IM Equity,929.00
IE00B94QL251,ETF,2NGS,2NGS IM Equity,915.50
DE000HV41J65,SDX,UI375X,AU653196@SEDX Corp,911.30
IE00BYSZ5V04,ETF,LUTR,LUTR IM Equity,906.07
XS1073721307,ETF,SLVR3L,SLVR3L IM Equity,901.97
LU0290357929,ETF,XGIN,XGIN IM Equity,901.53
LU0290358224,ETF,XEIN,XEIN IM Equity,859.17
JE00B1VS3W29,ETF,PHPM,PHPM IM Equity,850.40
DE000VN9AB93,SDX,FKC17S,LW535146@SEDX Corp,841.73
XS1778810405,ETF,GAS3L,GAS3L IM Equity,838.33
FR0010464446,ETF,SAFRI,SAFRI IM Equity,837.00
IT0005107906,SDX,AL0790,UV481160@EXCH Corp,835.93
IE00BYSZ5R67,ETF,TRS5,TRS5 IM Equity,821.63
FR0010821850,ETF,SB0,SB0 IM Equity,814.33
IE00BSVYHP04,ETF,LOCL,LOCL IM Equity,799.30
IT0005089948,SDX,AL8994,AF126095@EXCH Corp,778.27
LU1437018168,ETF,ECRP,ECRP IM Equity,771.60
IE00B44CND37,ETF,TRSY,TRSY IM Equity,761.23
IE00BM67HQ30,ETF,XDWU,XDWU IM Equity,747.93
LU1832418773,ETF,REWLD,REWLD IM Equity,740.90
IT0005140212,SDX,AL4021,JV636323@EXCH Corp,739.00
IE00BYNXPH56,ETF,5BUS,5BUS IM Equity,736.30
LU1287024076,ETF,BOT6M,BOT6M IM Equity,733.67
IE00BZ036H21,ETF,XDGU,XDGU IM Equity,703.00
IE00BYYXBF44,ETF,EMHD,EMHD IM Equity,696.43
IT0005212516,SDX,AL1251,QZ911811@EXCH Corp,695.10
DE000VN9D1N2,SDX,FLV075,AV864092@SEDX Corp,686.40
FR0011607084,ETF,DSUS,DSUS IM Equity,677.77
LU0533033238,ETF,HLTW,HLTW IM Equity,675.23
XS1073721489,ETF,SLVR3S,SLVR3S IM Equity,675.10
DE000HV4BK64,SDX,UFIB7L,QZ004086@SEDX Corp,644.50
DE000HV41HS7,SDX,UI361X,AU556134@SEDX Corp,636.83
FR0011067511,ETF,INDO,INDO IM Equity,635.70
IT0005137556,SDX,AL3755,QJ796613@EXCH Corp,634.30
IE00B42Q4896,ETF,XLFS,XLFS IM Equity,620.57
IE00BYTYHN28,ETF,3EML,3EML IM Equity,619.53
IE00B3VWM098,ETF,CSUSS,CSUSS IM Equity,616.07
LU0533033667,ETF,TNOW,TNOW IM Equity,615.03
IE00BQZJC527,ETF,DFE,DFE IM Equity,612.73
IT0005000838,SDX,AL0083,AC832554@EXCH Corp,610.77
LU1094612022,ETF,CGB,CGB IM Equity,610.20
IE00BX7RRJ27,ETF,UQLTD,UQLTD IM Equity,601.73
IE00B53H0131,ETF,CCUSAS,CCUSAS IM Equity,593.60
IE00B23D9570,ETF,PEH,PEH IM Equity,570.63
XS1265960655,SDX,SBTP7S,QJ210714@SEDX Corp,570.20
FR0010823385,ETF,S10,S10 IM Equity,563.00
LU1681048630,ETF,GLUX,GLUX IM Equity,553.07
LU1391376396,SDX,SNDX7L,JK721777@SEDX Corp,530.97
LU1390062831,ETF,INFU,INFU IM Equity,527.83
LU1681043912,ETF,CC1,CC1 IM Equity,517.40
DE000CZ44GD7,SDX,CMIB5L,UV588366@SEDX Corp,515.00
FR0010754127,ETF,CI3,CI3 IM Equity,502.87
IE00BKT09149,ETF,3BTL,3BTL IM Equity,497.67
LU1407888996,ETF,US57,US57 IM Equity,487.57
IE00B3VWMM18,ETF,CSEMUS,CSEMUS IM Equity,482.13
IE00BZ0G8977,ETF,TIPS,TIPS IM Equity,476.57
IE00B449XP68,ETF,XLYS,XLYS IM Equity,476.53
FESX201909,Eurex,,VGU9 Comdty,462.59
LU1391376636,SDX,SSPX7L,JK721780@SEDX Corp,458.77
DE000VN9D038,SDX,FLV056,AT518723@SEDX Corp,443.07
IT0005094252,SDX,AL9425,AF114744@EXCH Corp,438.87
XS1073721133,ETF,GOLD3L,GOLD3L IM Equity,436.20
LU1617164212,ETF,HYSTH,HYSTH IM Equity,432.67
IT0005084899,SDX,AL8489,AE858448@EXCH Corp,430.50
IE00BWBXM278,ETF,SXLY,SXLY IM Equity,429.40
IT0005074296,SDX,AL7429,AE630606@EXCH Corp,427.87
DE000A1EK3B8,ETF,XAD4,XAD4 IM Equity,419.87
XS1101722228,ETF,DAX3S,DAX3S IM Equity,419.00
NL0012663876,SDX,P63876,AR446572@EXCH Corp,417.47
IT0005163263,SDX,AL6326,JK772076@EXCH Corp,416.93
IT0005045858,SDX,AL4585,AD654606@EXCH Corp,404.27
IE00B3YLTY66,ETF,IMIE,IMIE IM Equity,403.83
LU0533032263,ETF,STAW,STAW IM Equity,397.77
IE00BYPGT035,ETF,DEMA,DEMA IM Equity,396.37
LU1681044647,ETF,CN1,CN1 IM Equity,387.70
LU0397221945,ETF,XQUI,XQUI IM Equity,370.73
LU1407890976,ETF,U10H,U10H IM Equity,368.77
LU1390062245,ETF,INFL,INFL IM Equity,353.77
IE00B3VPKB53,ETF,XLUS,XLUS IM Equity,342.90
LU1560751759,SDX,STIT3L,AM614032@EXCH Corp,340.25
IT0005120578,SDX,AL2057,UV439639@EXCH Corp,330.60
LU1605710802,ETF,ITAPIR,ITAPIR IM Equity,326.07
IE00BKWQ0C77,ETF,STRX,STRX IM Equity,323.93
LU1681046006,ETF,CWE,CWE IM Equity,322.40
DE000VN9ABD0,SDX,FIND7L,LW454513@SEDX Corp,303.20
JE00BDD9Q733,ETF,LPET,LPET IM Equity,296.40
IE00BYTYHM11,ETF,3EMS,3EMS IM Equity,294.73
IT0005059537,SDX,AL5953,AE217238@EXCH Corp,272.53
JE00BMM1X270,ETF,GBE5,GBE5 IM Equity,269.73
LU1598689153,ETF,MMS,MMS IM Equity,269.57
IT0005059529,SDX,AL5952,AE217237@EXCH Corp,269.07
LU1598688189,ETF,GWT,GWT IM Equity,260.67
XS0416722857,ETF,GOLDL,GOLDL IM Equity,251.67
DE000HV41HR9,SDX,UI360X,AU556133@SEDX Corp,249.07
IE00BYSZ5S74,ETF,TRS7,TRS7 IM Equity,246.67
DE000A1EK0H1,ETF,XAD3,XAD3 IM Equity,246.20
FR0010900076,ETF,ESM,ESM IM Equity,241.77
LU1829218822,ETF,CBEF,CBEF IM Equity,236.50
LU0496786731,ETF,CAN,CAN IM Equity,236.03
LU0533033402,ETF,INDGW,INDGW IM Equity,216.23
IT0005163347,SDX,AL6334,JK805612@EXCH Corp,210.60
IT0005117657,SDX,AL1765,UV481162@EXCH Corp,206.73
IT0005175713,SDX,AL7571,LW225354@EXCH Corp,195.10
NL0012663884,SDX,P63884,AR446573@EXCH Corp,190.50
IE00BLNMQS92,ETF,5USE,5USE IM Equity,187.30
IT0005123747,SDX,AL2374,UV959290@EXCH Corp,186.93
IE00BJZ2DC62,ETF,XRSM,XRSM IM Equity,185.20
IE00BYSZ5Z42,ETF,EU7L,EU7L IM Equity,180.57
XS1101724513,ETF,SX5E3L,SX5E3L IM Equity,180.50
LU0533032420,ETF,ENERW,ENERW IM Equity,177.67
IT0005126807,SDX,AL2680,QJ190348@EXCH Corp,174.33
DE0005933923,ETF,EXS3,EXS3 IM Equity,173.17
LU1452600270,ETF,TIPU,TIPU IM Equity,171.70
DE000VN9AAE0,SDX,FDAX3L,LW351140@SEDX Corp,165.88
IE00BKS8QT65,ETF,3TYS,3TYS IM Equity,164.83
LU0290357846,ETF,X25E,X25E IM Equity,158.50
LU0705291903,ETF,EMMV,EMMV IM Equity,156.57
XS1073721216,ETF,GOLD3S,GOLD3S IM Equity,151.43
LU0533032859,ETF,FINSW,FINSW IM Equity,150.73
FDAX201906,Eurex,,GXM9 Comdty,142.03
IT0005245631,SDX,AL4563,AN150190@EXCH Corp,118.66
IE00BP9F2H18,ETF,LDCU,LDCU IM Equity,116.13
DE000HV41HY5,SDX,UI367X,AU556143@SEDX Corp,114.73
IT0005120545,SDX,AL2054,UV445022@EXCH Corp,114.00
LU1287023268,ETF,EM15,EM15 IM Equity,111.57
LU0908501132,ETF,MFDD,MFDD IM Equity,110.10
XS1265960572,SDX,SBTP7L,QJ210713@SEDX Corp,97.93
XS1839115620,SDX,I04617,AT579959@EXCH Corp,95.73
DE000HV41HZ2,SDX,UI368X,AU653189@SEDX Corp,94.83
LU1812091194,ETF,REEU,REEU IM Equity,90.90
LU1829219556,ETF,AAA13,AAA13 IM Equity,90.13
LU0533032008,ETF,DISW,DISW IM Equity,83.40
IT0014747080,Idem,,STM9,83.23
LU0533033824,ETF,MATW,MATW IM Equity,80.17
XS1839115893,SDX,I04616,AT579960@EXCH Corp,80.07
LU1681043086,ETF,CI2,CI2 IM Equity,80.03
FR0010755611,ETF,CL2,CL2 IM Equity,79.17
LU0292109690,ETF,XNIF,XNIF IM Equity,78.00
LU0690964092,ETF,XGVD,XGVD IM Equity,76.83
JE00B1VS2W53,ETF,PHPT,PHPT IM Equity,76.67
XS1101721683,ETF,SX5E3S,SX5E3S IM Equity,74.73
LU0799656698,ETF,WOMV,WOMV IM Equity,73.13
IT0005238875,SDX,AL8875,AM544512@EXCH Corp,72.50
LU0908501215,ETF,MSED,MSED IM Equity,70.07
FDXM201906,Eurex,,DFWM9 Comdty,61.23
IT0005216236,SDX,AL1623,AL319392@EXCH Corp,56.22
IE00BKWQ0M75,ETF,SMCX,SMCX IM Equity,55.70
NL0012663835,SDX,P63835,AR446568@EXCH Corp,44.57
LU0290357507,ETF,X15E,X15E IM Equity,40.23
DE000HV41HX7,SDX,UI366X,AU556142@SEDX Corp,35.81
IE00BKT09032,ETF,3TYL,3TYL IM Equity,23.00
DE000HV41J08,SDX,UI369X,AU653190@SEDX Corp,20.39
FGBL201909,Eurex,,RXU9 Comdty,12.50
FDXM201909,Eurex,,DFWU9 Comdty,9.11
JE00BMM1WY23,ETF,CAE5,CAE5 IM Equity,8.20
IE00BCRY6557,ETF,ERNE,ERNE IM Equity,7.07
FR0010756072,ETF,C5L,C5L IM Equity,6.07
FDAX201909,Eurex,,GXU9 Comdty,5.68
XS1463483195,SDX,I02972,QZ384266@EXCH Corp,2.30
